,Unnamed: 0,tweet,words_num,lex_div,emojis_num,demoji_text,slangs_num,deslang_text,total_slangs_emojis,deslang_demoji
0,0,when you find so you decide to stay in her class üòÇüòâ,11,0.9166666666666666,2,when you find so you decide to stay in her class  face with tears of joy  winking face ,0,when you find so you decide to stay in her class üòÇüòâ,2,when you find so you decide to stay in her class face with tears of joy winking face
1,1,not a single reporter noticed that hillary's entire staff was on death's door and a doctor was following her around?,22,0.9,0,not a single reporter noticed that hillary is entire staff was on death is door and a doctor was following her around?,0,not a single reporter noticed that hillary is entire staff was on death is door and a doctor was following her around,0,not a single reporter noticed that hillary is entire staff was on death is door and a doctor was following her around
2,2,jim schwartz has faced 2 teams as defensive coordinator. both starting qb's have left the game injured.,18,0.9411764705882352,0,jim schwartz has faced 2 teams as defensive coordinator. both starting qb is have left the game injured.,0,jim schwartz has faced 2 teams as defensive coordinator both starting qb is have left the game injured,0,jim schwartz has faced 2 teams as defensive coordinator both starting qb is have left the game injured
3,3,go gettum jared!,3,1.0,0,go gettum jared!,0,go gettum jared,0,go gettum jared
4,4,arsenal didn't deserve to win either so?,8,1.0,0,arsenal did not deserve to win either so?,0,arsenal did not deserve to win either so,0,arsenal did not deserve to win either so
5,5,"if you sit this election out and trump wins by a few votes, many people are going to be dealing with that reality for their entire lives.",27,0.9629629629629628,0,"if you sit this election out and trump wins by a few votes, many people are going to be dealing with that reality for their entire lives.",0,if you sit this election out and trump wins by a few votes many people are going to be dealing with that reality for their entire lives,0,if you sit this election out and trump wins by a few votes many people are going to be dealing with that reality for their entire lives
6,6,"dinner cookie. the very second cyndi met david. , this pic means the world to me. you're the best.",19,0.8888888888888888,0,"dinner cookie. the very second cyndi met david. , this pic means the world to me. you are the best.",1,dinner cookie the very second cyndi met david this picture means the world to me you are the best,1,dinner cookie the very second cyndi met david this picture means the world to me you are the best
7,7,"3. yes, the romance is a total failure.",8,1.0,0,"3. yes, the romance is a total failure.",0,3 yes the romance is a total failure,0,3 yes the romance is a total failure
8,8,"if i wanted to spend my time arguing, i'd call my mother. i come to twitter to laugh and send out random twat shots. you know, to have fun.",30,0.8275862068965517,0,"if i wanted to spend my time arguing, i would call my mother. i come to twitter to laugh and send out random twat shots. you know, to have fun.",1,if i wanted to spend my time arguing i would call my mother i come to twitter to laugh and send out random vagina shots you know to have fun,1,if i wanted to spend my time arguing i would call my mother i come to twitter to laugh and send out random vagina shots you know to have fun
9,9,reading now. this is absolutely fantastic.,6,1.0,0,reading now. this is absolutely fantastic.,0,reading now this is absolutely fantastic,0,reading now this is absolutely fantastic
10,10,gente acabei de ver o cachecol üòÇüòÇ n√≥s somos fodas! wendigo all over again,13,1.0,1,gente acabei de ver o cachecol  face with tears of joy  face with tears of joy  n√≥s somos fodas! wendigo all over again,1,gente acabei de ver Oh cachecol üòÇüòÇ n√≥s somos fodas wendigo all over again,2,gente acabei de ver Oh cachecol face with tears of joy face with tears of joy n√≥s somos fodas wendigo all over again
11,11,classic to try and spin an innocent protest into making it seem like he was going to be assassinated.,19,0.8947368421052632,0,classic to try and spin an innocent protest into making it seem like he was going to be assassinated.,0,classic to try and spin an innocent protest into making it seem like he was going to be assassinated,0,classic to try and spin an innocent protest into making it seem like he was going to be assassinated
12,12,‚Äòshe‚Äôs a great role model‚Äô sturgeon breaks protocol to urge americans to back clinton,15,0.9285714285714286,0,‚Äòshe‚Äôs a great role model‚Äô sturgeon breaks protocol to urge americans to back clinton,0,‚Äòshe‚Äôs a great role model‚Äô sturgeon breaks protocol to urge americans to back clinton,0,‚Äòshe‚Äôs a great role model‚Äô sturgeon breaks protocol to urge americans to back clinton
13,13,i would talk your mom into swallowing instead.,8,1.0,0,i would talk your mom into swallowing instead.,0,i would talk your mom into swallowing instead,0,i would talk your mom into swallowing instead
14,14,i just saw this. this is a good tweet.,9,0.8888888888888888,0,i just saw this. this is a good tweet.,0,i just saw this this is a good tweet,0,i just saw this this is a good tweet
15,15,"amazing how high emotions go once you make subscriptions visible. but paid updates aka ""hidden subscriptions"" cause old app breaks are fine.",22,1.0,0,"amazing how high emotions go once you make subscriptions visible. but paid updates aka ""hidden subscriptions"" cause old app breaks are fine.",2,amazing how high emotions go once you make subscriptions visible but paid updates also known as hidden subscriptions cause old application breaks are fine,2,amazing how high emotions go once you make subscriptions visible but paid updates also known as hidden subscriptions cause old application breaks are fine
16,16,maybe she doesn't do windows. directed her maid to print out classified materials via,15,1.0,0,maybe she does not do windows. directed her maid to print out classified materials via,0,maybe she does not do windows directed her maid to print out classified materials via,0,maybe she does not do windows directed her maid to print out classified materials via
17,17,could care less about celebs i care abt the mccarthyism against ppl w/ differing opinions &amp; irresponsible blind eye to hrc's crimes,23,0.9545454545454546,0,could care less about celebs i care abt the mccarthyism against ppl w/ differing opinions & irresponsible blind eye to hrc is crimes,2,could care less about celebs i care about the mccarthyism against people w differing opinions amp irresponsible blind eye to hrc is crimes,2,could care less about celebs i care about the mccarthyism against people w differing opinions irresponsible blind eye to hrc is crimes
18,18,nah you're not the jazz are not that good in my opinion either,14,0.9230769230769232,0,nah you are not the jazz are not that good in my opinion either,1,no you are not the jazz are not that good in my opinion either,1,no you are not the jazz are not that good in my opinion either
19,19,i just got a press email for a bike lock kickstarter campaign. email said i am getting it because i previously wrote about fashion. ü§î,24,0.8,1,i just got a press email for a bike lock kickstarter campaign. email said i am getting it because i previously wrote about fashion.  thinking face ,0,i just got a press email for a bike lock kickstarter campaign email said i am getting it because i previously wrote about fashion ü§î,1,i just got a press email for a bike lock kickstarter campaign email said i am getting it because i previously wrote about fashion thinking face
20,20,"anyone remember me tweeting before the season saying ""i just don't buy the nyr being bad this year."" desperately trying to find the tweet.",25,0.875,0,"anyone remember me tweeting before the season saying ""i just do not buy the nyr being bad this year."" desperately trying to find the tweet.",0,anyone remember me tweeting before the season saying i just do not buy the nyr being bad this year desperately trying to find the tweet,0,anyone remember me tweeting before the season saying i just do not buy the nyr being bad this year desperately trying to find the tweet
21,21,is it over yet? is it safe yet to come back on the interwebs?,14,0.7857142857142857,0,is it over yet? is it safe yet to come back on the interwebs?,0,is it over yet is it safe yet to come back on the interwebs,0,is it over yet is it safe yet to come back on the interwebs
22,22,i'm gonna finish my essay and then go to the gym üòä,12,1.0,1,i am gonna finish my essay and then go to the gym  smiling face with smiling eyes ,1,i am going to finish my essay and then go to the gym üòä,2,i am going to finish my essay and then go to the gym smiling face with smiling eyes
23,23,"in this case, trump is right. the fbi investigation was rigged.no grand jury; immunity deals; fbi destroys evidence.",19,0.8888888888888888,0,"in this case, trump is right. the fbi investigation was rigged.no grand jury; immunity deals; fbi destroys evidence.",0,in this case trump is right the fbi investigation was riggedno grand jury immunity deals fbi destroys evidence,0,in this case trump is right the fbi investigation was riggedno grand jury immunity deals fbi destroys evidence
24,24,pennsylvania is focused! election day is 3 weeks away!,9,0.8888888888888888,0,pennsylvania is focused! election day is 3 weeks away!,0,pennsylvania is focused election day is 3 weeks away,0,pennsylvania is focused election day is 3 weeks away
25,25,"ha! that was recorded in 2002 years before it was released. had 4 tracks, a hand held microphone, &amp; good weed",21,0.9523809523809524,0,"ha! that was recorded in 2002 years before it was released. had 4 tracks, a hand held microphone, & good weed",0,ha that was recorded in 2002 years before it was released had 4 tracks a hand held microphone amp good weed,0,ha that was recorded in 2002 years before it was released had 4 tracks a hand held microphone good weed
26,26,thanks for the invite tonight..... üôÑüôÑ,5,1.0,1,thanks for the invite tonight.....  face with rolling eyes  face with rolling eyes ,0,thanks for the invite tonight üôÑüôÑ,1,thanks for the invite tonight face with rolling eyes face with rolling eyes
27,27,"the world turned upside down: hillary clinton defends reagan and wants to stand up to the russians. the gop candidate, not so much.",23,0.8695652173913043,0,"the world turned upside down: hillary clinton defends reagan and wants to stand up to the russians. the gop candidate, not so much.",0,the world turned upside down hillary clinton defends reagan and wants to stand up to the russians the gop candidate not so much,0,the world turned upside down hillary clinton defends reagan and wants to stand up to the russians the gop candidate not so much
28,28,ty chef for that delicious episode on how to make spaghetti üòõüòÇ,11,1.0,2,ty chef for that delicious episode on how to make spaghetti  face with tongue  face with tears of joy ,1,thank you chef for that delicious episode on how to make spaghetti üòõüòÇ,3,thank you chef for that delicious episode on how to make spaghetti face with tongue face with tears of joy
29,29,started watching on youtube. haven't finished but i'm seeing your point.,13,1.0,0,started watching on youtube. have not finished but i am seeing your point.,0,started watching on youtube have not finished but i am seeing your point,0,started watching on youtube have not finished but i am seeing your point
30,30,"just seen this on facebook, thought it was a great little read.",12,1.0,0,"just seen this on facebook, thought it was a great little read.",0,just seen this on facebook thought it was a great little read,0,just seen this on facebook thought it was a great little read
31,31,"courtney kube reporting from the pentagon on this issue: advance notice helps civilians to prepare, not just isis.",18,1.0,0,"courtney kube reporting from the pentagon on this issue: advance notice helps civilians to prepare, not just isis.",0,courtney kube reporting from the pentagon on this issue advance notice helps civilians to prepare not just isis,0,courtney kube reporting from the pentagon on this issue advance notice helps civilians to prepare not just isis
32,32,that is decidedly not what you've been doing. wanting to tear down a working system is unstable.,18,0.8823529411764706,0,that is decidedly not what you have been doing. wanting to tear down a working system is unstable.,0,that is decidedly not what you have been doing wanting to tear down a working system is unstable,0,that is decidedly not what you have been doing wanting to tear down a working system is unstable
33,33,. i'm pretty sure chris wallace got the remaining 6%.,10,1.0,0,. i am pretty sure chris wallace got the remaining 6%.,0,i am pretty sure chris wallace got the remaining 6,0,i am pretty sure chris wallace got the remaining 6
34,34,"even though is a disaster and my own husband (who has raped multiple women) has admitted that, i still stand for it! no change!",24,0.9583333333333334,0,"even though is a disaster and my own husband (who has raped multiple women) has admitted that, i still stand for it! no change!",0,even though is a disaster and my own husband who has raped multiple women has admitted that i still stand for it no change,0,even though is a disaster and my own husband who has raped multiple women has admitted that i still stand for it no change
35,35,"contempt for hillary...sure i despise her ,her lies and what she represents: corruption. apparently stuff you like..",18,0.9411764705882352,0,"contempt for hillary...sure i despise her ,her lies and what she represents: corruption. apparently stuff you like..",0,contempt for hillarysure i despise her her lies and what she represents corruption apparently stuff you like,0,contempt for hillarysure i despise her her lies and what she represents corruption apparently stuff you like
36,36,how big the state of california is compared to the east coast,12,0.9166666666666666,0,how big the state of california is compared to the east coast,0,how big the state of california is compared to the east coast,0,how big the state of california is compared to the east coast
37,37,"if ur skinny, pls stop saying you're fat cause you make girls with a little extra chub appear obese",20,1.0,0,"if ur skinny, pls stop saying you are fat cause you make girls with a little extra chub appear obese",2,if your skinny please stop saying you are fat cause you make girls with a little extra chub appear obese,2,if your skinny please stop saying you are fat cause you make girls with a little extra chub appear obese
38,38,(hint: he's lying on *every* issue. üòâ),7,1.0,1,(hint: he is lying on *every* issue.  winking face ),0,hint he is lying on every issue üòâ,1,hint he is lying on every issue winking face
39,39,anyways good night! loved debating w and will pray fo uüôèüèº,11,1.0,1,anyways good night! loved debating w and will pray fo u folded hands: medium-light skin tone ,1,anyways good night loved debating w and will pray f**k off uüôèüèº,2,anyways good night loved debating w and will pray f**k off you folded hands mediumlight skin tone
40,40,i love my new hatüíò,5,1.0,1,i love my new hat heart with arrow ,0,i love my new hatüíò,1,i love my new hat heart with arrow
41,41,"hillary is pedestrian and over-programmed, but never made a notable mistake across 3 debates",15,1.0,0,"hillary is pedestrian and over-programmed, but never made a notable mistake across 3 debates",0,hillary is pedestrian and overprogrammed but never made a notable mistake across 3 debates,0,hillary is pedestrian and overprogrammed but never made a notable mistake across 3 debates
42,42,"when we are experiencing fear, anxiety, and/or anger (so imagine all three), our ability to empathize takes a hit.",20,1.0,0,"when we are experiencing fear, anxiety, and/or anger (so imagine all three), our ability to empathize takes a hit.",0,when we are experiencing fear anxiety andor anger so imagine all three our ability to empathize takes a hit,0,when we are experiencing fear anxiety andor anger so imagine all three our ability to empathize takes a hit
43,43,words cannot express my excitement for on üíÉüíÉüíÉ 4am baby!!!,9,1.0,1,words cannot express my excitement for on  woman dancing  woman dancing  woman dancing  4am baby!!!,0,words cannot express my excitement for on üíÉüíÉüíÉ 4am baby,1,words cannot express my excitement for on woman dancing woman dancing woman dancing 4am baby
44,44,the facts are incredible too wow,6,1.0,0,the facts are incredible too wow,0,the facts are incredible too wow,0,the facts are incredible too wow
45,45,just landed in ohio. thank you america- i am honored to win the final debate for our movement. it is time to‚Ä¶,22,0.9545454545454546,0,just landed in ohio. thank you america- i am honored to win the final debate for our movement. it is time to‚Ä¶,0,just landed in ohio thank you america i am honored to win the final debate for our movement it is time to‚Ä¶,0,just landed in ohio thank you america i am honored to win the final debate for our movement it is time to‚Ä¶
46,46,you downloaded some weird shit... has never happened to me,10,1.0,0,you downloaded some weird shit... has never happened to me,0,you downloaded some weird shit has never happened to me,0,you downloaded some weird shit has never happened to me
47,47,sure it does. idf ass‚Ä¶,5,1.0,0,sure it does. idf ass‚Ä¶,0,sure it does idf ass‚Ä¶,0,sure it does idf ass‚Ä¶
48,48,consumerism wants us to give up on our individuality and hate ourselves so we're constantly trying to ~be~ something they are sellin to us,25,0.8333333333333334,0,consumerism wants us to give up on our individuality and hate ourselves so we are constantly trying to ~be~ something they are sellin to us,1,consumerism wants us to give up on our individuality and hate ourselves so we are constantly trying to be something they are selling to us,1,consumerism wants us to give up on our individuality and hate ourselves so we are constantly trying to be something they are selling to us
49,49,"sorry, everyone. we've been wrong all this time. fact checking isn't what matters. this guy's anecdotal life exper‚Ä¶",21,0.9444444444444444,0,"sorry, everyone. we have been wrong all this time. fact checking is not what matters. this guy is anecdotal life exper‚Ä¶",0,sorry everyone we have been wrong all this time fact checking is not what matters this guy is anecdotal life exper‚Ä¶,0,sorry everyone we have been wrong all this time fact checking is not what matters this guy is anecdotal life exper‚Ä¶
50,50,unbelievable! hillary told world response time 4 launching nukes! ... by via,11,1.0,0,unbelievable! hillary told world response time 4 launching nukes! ... by via,0,unbelievable hillary told world response time 4 launching nukes by via,0,unbelievable hillary told world response time 4 launching nukes by via
51,51,she handed hillary a debate question ahead of time. bernie supporters care,12,1.0,0,she handed hillary a debate question ahead of time. bernie supporters care,0,she handed hillary a debate question ahead of time bernie supporters care,0,she handed hillary a debate question ahead of time bernie supporters care
52,52,"if by funeral, you mean resurrection, then yes. can't wait to see your hype video praising it",18,1.0,0,"if by funeral, you mean resurrection, then yes. can not wait to see your hype video praising it",0,if by funeral you mean resurrection then yes can not wait to see your hype video praising it,0,if by funeral you mean resurrection then yes can not wait to see your hype video praising it
53,53,poll: who won the final presidential debate?,7,1.0,0,poll: who won the final presidential debate?,0,poll who won the final presidential debate,0,poll who won the final presidential debate
54,54,"therefore, have to trust they will use wisdom and judgement to come to right decisions on unknown unknowns",18,0.8333333333333334,0,"therefore, have to trust they will use wisdom and judgement to come to right decisions on unknown unknowns",0,therefore have to trust they will use wisdom and judgement to come to right decisions on unknown unknowns,0,therefore have to trust they will use wisdom and judgement to come to right decisions on unknown unknowns
55,55,you're a hard man to find when you want to be...,12,0.9090909090909092,0,you are a hard man to find when you want to be...,0,you are a hard man to find when you want to be,0,you are a hard man to find when you want to be
56,56,in honor of tonight's here is 17 year old sam ~acting~ as columbia complete with a sexy corset/sports‚Ä¶,20,1.0,0,in honor of tonight is here is 17 year old sam ~acting~ as columbia complete with a sexy corset/sports‚Ä¶,0,in honor of tonight is here is 17 year old sam acting as columbia complete with a sexy corsetsports‚Ä¶,0,in honor of tonight is here is 17 year old sam acting as columbia complete with a sexy corsetsports‚Ä¶
57,57,this is what happens when a republican nominee can't even hold the line in traditional swing states,18,1.0,0,this is what happens when a republican nominee can not even hold the line in traditional swing states,0,this is what happens when a republican nominee can not even hold the line in traditional swing states,0,this is what happens when a republican nominee can not even hold the line in traditional swing states
58,58,"*wipes tear* guess i'll be doing this for the final time.... ""is this the nx?""",16,0.8666666666666667,0,"*wipes tear* guess i will be doing this for the final time.... ""is this the nx?""",0,wipes tear guess i will be doing this for the final time is this the nx,0,wipes tear guess i will be doing this for the final time is this the nx
59,59,sry i'll take allan lichtmans political science predictions over bought &amp; paid 4 network polls,16,1.0,0,sry i will take allan lichtmans political science predictions over bought & paid 4 network polls,1,sorry i will take allan lichtmans political science predictions over bought amp paid 4 network polls,1,sorry i will take allan lichtmans political science predictions over bought paid 4 network polls
60,60,initial thoughts. seems like a solid idea for a console. i wonder how much of a performance hit going mobile will be?,22,0.9090909090909092,0,initial thoughts. seems like a solid idea for a console. i wonder how much of a performance hit going mobile will be?,0,initial thoughts seems like a solid idea for a console i wonder how much of a performance hit going mobile will be,0,initial thoughts seems like a solid idea for a console i wonder how much of a performance hit going mobile will be
61,61,well for now they nailed it. we may come to find that there's little toads on hamster wheels for a processor and that would be üëéüèª,26,0.9230769230769232,1,well for now they nailed it. we may come to find that there is little toads on hamster wheels for a processor and that would be  thumbs down: light skin tone ,0,well for now they nailed it we may come to find that there is little toads on hamster wheels for a processor and that would be üëéüèª,1,well for now they nailed it we may come to find that there is little toads on hamster wheels for a processor and that would be thumbs down light skin tone
62,62,"thanks for the shout out! to note we're in charleston, sc not nc (we're very proud of our hometown lol)",22,0.95,0,"thanks for the shout out! to note we are in charleston, sc not nc (we are very proud of our hometown lol)",2,thanks for the shout out to note we are in charleston sc not not cool we are very proud of our hometown laughing out loud,2,thanks for the shout out to note we are in charleston sc not not cool we are very proud of our hometown laughing out loud
63,63,"blaming india lets em to feel good, and ignore horrific reality at home.",13,1.0,0,"blaming india lets em to feel good, and ignore horrific reality at home.",1,blaming india lets them to feel good and ignore horrific reality at home,1,blaming india lets them to feel good and ignore horrific reality at home
64,64,how to build a sb winner. need a top 2 unit on either off or def in dvoa. neither side of roster close right now for bucs.,27,0.9629629629629628,0,how to build a sb winner. need a top 2 unit on either off or def in dvoa. neither side of roster close right now for bucs.,1,how to build a sb winner need a top 2 unit on either off or definitely in dvoa neither side of roster close right now for bucs,1,how to build a sb winner need a top 2 unit on either off or definitely in dvoa neither side of roster close right now for bucs
65,65,fancy! co-conspirator in mangano complaint allegedly paid for a massage chair for mangano &amp; limo service for vend‚Ä¶,19,0.8333333333333334,0,fancy! co-conspirator in mangano complaint allegedly paid for a massage chair for mangano & limo service for vend‚Ä¶,0,fancy coconspirator in mangano complaint allegedly paid for a massage chair for mangano amp limo service for vend‚Ä¶,0,fancy coconspirator in mangano complaint allegedly paid for a massage chair for mangano limo service for vend‚Ä¶
66,66,very clear now that uk membership of single market a gateway to indyref2 in scotland. time to dynamite the bridges. they've forced our hand,25,0.9583333333333334,0,very clear now that uk membership of single market a gateway to indyref2 in scotland. time to dynamite the bridges. they have forced our hand,0,very clear now that uk membership of single market a gateway to indyref2 in scotland time to dynamite the bridges they have forced our hand,0,very clear now that uk membership of single market a gateway to indyref2 in scotland time to dynamite the bridges they have forced our hand
67,67,mary grace needs to stop trying to fuck the local priest,11,0.9090909090909092,0,mary grace needs to stop trying to fuck the local priest,0,mary grace needs to stop trying to fuck the local priest,0,mary grace needs to stop trying to fuck the local priest
68,68,it's useless to snort playdough. believe me.,8,1.0,0,it is useless to snort playdough. believe me.,0,it is useless to snort playdough believe me,0,it is useless to snort playdough believe me
69,69,throw this in the mix,5,1.0,0,throw this in the mix,0,throw this in the mix,0,throw this in the mix
70,70,island folks got caribbean magic in their loins.,8,1.0,0,island folks got caribbean magic in their loins.,0,island folks got caribbean magic in their loins,0,island folks got caribbean magic in their loins
71,71,"but, time will tell how her 3 years affects public perception of her... and whether she even stands a chance of winning the office again.",25,0.92,0,"but, time will tell how her 3 years affects public perception of her... and whether she even stands a chance of winning the office again.",0,but time will tell how her 3 years affects public perception of her and whether she even stands a chance of winning the office again,0,but time will tell how her 3 years affects public perception of her and whether she even stands a chance of winning the office again
72,72,on everything i just put my head down and walked back into the office üòÇ,14,1.0,1,on everything i just put my head down and walked back into the office  face with tears of joy ,0,on everything i just put my head down and walked back into the office üòÇ,1,on everything i just put my head down and walked back into the office face with tears of joy
73,73,can't wait to see who can be the first to drop the nasty woman ep. ? ? ?,16,0.875,0,can not wait to see who can be the first to drop the nasty woman ep. ? ? ?,0,can not wait to see who can be the first to drop the nasty woman ep,0,can not wait to see who can be the first to drop the nasty woman ep
74,74,"ugh, my cable modem internet is out this morning &amp; now i can't find the dilbert parody i tried &amp; failed to retweet that the app recommended.",28,0.8888888888888888,0,"ugh, my cable modem internet is out this morning & now i can not find the dilbert parody i tried & failed to retweet that the app recommended.",1,ugh my cable modem internet is out this morning amp now i can not find the dilbert parody i tried amp failed to retweet that the application recommended,1,ugh my cable modem internet is out this morning now i can not find the dilbert parody i tried failed to retweet that the application recommended
75,75,my fav is still commie jen,6,1.0,0,my fav is still commie jen,1,my Favorite is still commie jen,1,my Favorite is still commie jen
76,76,"i just saw this on tumblr, and it may be the worst thing i've ever seen.",17,0.9375,0,"i just saw this on tumblr, and it may be the worst thing i have ever seen.",0,i just saw this on tumblr and it may be the worst thing i have ever seen,0,i just saw this on tumblr and it may be the worst thing i have ever seen
77,77,would u take your child's life to save your wife's?? aren't parents suppose to protect their children.,20,0.8823529411764706,0,would u take your child is life to save your wife is?? are not parents suppose to protect their children.,1,would you take your child is life to save your wife is are not parents suppose to protect their children,1,would you take your child is life to save your wife is are not parents suppose to protect their children
78,78,i was distracted and i potted the 8 ball,9,0.8888888888888888,0,i was distracted and i potted the 8 ball,0,i was distracted and i potted the 8 ball,0,i was distracted and i potted the 8 ball
79,79,got offered jeremy maclin for allen robinson. ?,7,1.0,0,got offered jeremy maclin for allen robinson. ?,0,got offered jeremy maclin for allen robinson,0,got offered jeremy maclin for allen robinson
80,80,"wikileaks drops podesta mail drip, drip, drip continues following hillary's eye-crossed disaster debate last night - bye hrc",19,0.8823529411764706,0,"wikileaks drops podesta mail drip, drip, drip continues following hillary is eye-crossed disaster debate last night - bye hrc",0,wikileaks drops podesta mail drip drip drip continues following hillary is eyecrossed disaster debate last night bye hrc,0,wikileaks drops podesta mail drip drip drip continues following hillary is eyecrossed disaster debate last night bye hrc
81,81,false information,2,1.0,0,false information,0,false information,0,false information
82,82,"while ""nintendo switch"" is an accurate name for the product, i got accustomed to calling it ""nx"" and was okay with that being the final name",26,0.8846153846153846,0,"while ""nintendo switch"" is an accurate name for the product, i got accustomed to calling it ""nx"" and was okay with that being the final name",0,while nintendo switch is an accurate name for the product i got accustomed to calling it nx and was okay with that being the final name,0,while nintendo switch is an accurate name for the product i got accustomed to calling it nx and was okay with that being the final name
83,83,it is through the mass percolation of grossly farcical eurocentric lies that allows schools to serve as surrogates of power &amp; suppression.,22,0.9545454545454546,0,it is through the mass percolation of grossly farcical eurocentric lies that allows schools to serve as surrogates of power & suppression.,0,it is through the mass percolation of grossly farcical eurocentric lies that allows schools to serve as surrogates of power amp suppression,0,it is through the mass percolation of grossly farcical eurocentric lies that allows schools to serve as surrogates of power suppression
84,84,and we're off! to phoenix then albuquerque!,8,1.0,0,and we are off! to phoenix then albuquerque!,0,and we are off to phoenix then albuquerque,0,and we are off to phoenix then albuquerque
85,85,it's almost like kanye just realized jay was using him and doesn't need him anymore.,17,0.9333333333333332,0,it is almost like kanye just realized jay was using him and does not need him anymore.,0,it is almost like kanye just realized jay was using him and does not need him anymore,0,it is almost like kanye just realized jay was using him and does not need him anymore
86,86,big scary cve,3,1.0,0,big scary cve,0,big scary cve,0,big scary cve
87,87,terrified that trump will be a challenge to hillary and draw broad support from unions.,15,1.0,0,terrified that trump will be a challenge to hillary and draw broad support from unions.,0,terrified that trump will be a challenge to hillary and draw broad support from unions,0,terrified that trump will be a challenge to hillary and draw broad support from unions
88,88,"in australia... driving the coastline, reminded of the beauty found throughout the world &amp; renewing my commitment t‚Ä¶",18,0.8888888888888888,0,"in australia... driving the coastline, reminded of the beauty found throughout the world & renewing my commitment t‚Ä¶",0,in australia driving the coastline reminded of the beauty found throughout the world amp renewing my commitment t‚Ä¶,0,in australia driving the coastline reminded of the beauty found throughout the world renewing my commitment t‚Ä¶
89,89,i want that deep inside of me.,7,1.0,0,i want that deep inside of me.,0,i want that deep inside of me,0,i want that deep inside of me
90,90,i just ate turkey :o,5,1.0,0,i just ate turkey :o,1,i just ate turkey Oh,1,i just ate turkey Oh
91,91,"moderator: hillary paid $225,000 by a brazilian bank for a speech that called for ‚Äúopen borders.‚Äù that‚Äôs a quote!",21,0.8421052631578947,0,"moderator: hillary paid $225,000 by a brazilian bank for a speech that called for ‚Äúopen borders.‚Äù that‚Äôs a quote!",0,moderator hillary paid 225000 by a brazilian bank for a speech that called for ‚Äúopen borders‚Äù that‚Äôs a quote,0,moderator hillary paid 225000 by a brazilian bank for a speech that called for ‚Äúopen borders‚Äù that‚Äôs a quote
92,92,"awesome! the mothers of the movement won't be around to see the effects of it in 20-30 years only we will, congrats bro",25,0.8695652173913043,0,"awesome! the mothers of the movement will not be around to see the effects of it in 20-30 years only we will, congrats bro",2,awesome the mothers of the movement will not be around to see the effects of it in 2030 years only we will congratulations brother,2,awesome the mothers of the movement will not be around to see the effects of it in 2030 years only we will congratulations brother
93,93,we build apps remotely!our portfolio ‚òû let‚Äôs talk :) email to ‚òû leads.com ‚òé (212) 209 1537,16,0.9375,1,we build apps remotely!our portfolio ‚òû let‚Äôs talk :) email to ‚òû leads.com  telephone  (212) 209 1537,0,we build apps remotelyour portfolio ‚òû let‚Äôs talk email to ‚òû leadscom ‚òé 212 209 1537,1,we build apps remotelyour portfolio ‚òû let‚Äôs talk email to ‚òû leadscom telephone 212 209 1537
94,94,want access to crooked hillary? don't forget - it's going to cost you!,14,0.9166666666666666,0,want access to crooked hillary? do not forget - it is going to cost you!,0,want access to crooked hillary do not forget it is going to cost you,0,want access to crooked hillary do not forget it is going to cost you
95,95,to livestream my concert tonight or to not livestream my concert tonight?,12,0.5833333333333334,0,to livestream my concert tonight or to not livestream my concert tonight?,0,to livestream my concert tonight or to not livestream my concert tonight,0,to livestream my concert tonight or to not livestream my concert tonight
96,96,i feel like it did make an impact. just might not be enough for this election (unless some really juicy stuff gets leaked),23,1.0,0,i feel like it did make an impact. just might not be enough for this election (unless some really juicy stuff gets leaked),0,i feel like it did make an impact just might not be enough for this election unless some really juicy stuff gets leaked,0,i feel like it did make an impact just might not be enough for this election unless some really juicy stuff gets leaked
97,97,obama says his departure may fix what ails obamacare,9,1.0,0,obama says his departure may fix what ails obamacare,0,obama says his departure may fix what ails obamacare,0,obama says his departure may fix what ails obamacare
98,98,how do you find that on properties?,7,1.0,0,how do you find that on properties?,0,how do you find that on properties,0,how do you find that on properties
99,99,does this work?,3,1.0,0,does this work?,0,does this work,0,does this work
100,100,if you compare apples to apples it looks like this:,10,0.9,0,if you compare apples to apples it looks like this:,0,if you compare apples to apples it looks like this,0,if you compare apples to apples it looks like this
101,101,"today i'm starting a new job at . it wouldn't be a new job without a blog post, would it? ‚úçÔ∏è",21,0.75,1,"today i am starting a new job at . it would not be a new job without a blog post, would it?  writing hand ",1,today i am starting a new job at it would not be a new job without a web log post would it ‚úçÔ∏è,2,today i am starting a new job at it would not be a new job without a web log post would it writing hand
102,102,i can't make any sense of it. are there similar examples out there to compare this theory to?,19,0.8888888888888888,0,i can not make any sense of it. are there similar examples out there to compare this theory to?,0,i can not make any sense of it are there similar examples out there to compare this theory to,0,i can not make any sense of it are there similar examples out there to compare this theory to
103,103,yes finally i can say it yes.,7,0.8571428571428571,0,yes finally i can say it yes.,0,yes finally i can say it yes,0,yes finally i can say it yes
104,104,7th &amp; bryant was closed until a few min ago due to a suspicious pkg. hoy! jamba's open now.,20,0.9473684210526316,0,7th & bryant was closed until a few min ago due to a suspicious pkg. hoy! jamba is open now.,1,7th amp bryant was closed until a few minute ago due to a suspicious pkg hoy jamba is open now,1,7th bryant was closed until a few minute ago due to a suspicious pkg hoy jamba is open now
105,105,"i only rate as a ""mauvais homme,"" which doesn't sound dastardly enough.",13,1.0,0,"i only rate as a ""mauvais homme,"" which does not sound dastardly enough.",0,i only rate as a mauvais homme which does not sound dastardly enough,0,i only rate as a mauvais homme which does not sound dastardly enough
106,106,this is as close as the news media is allowed to get to the scene of a fatal fire northeast of weeping water in rur‚Ä¶,25,0.8,0,this is as close as the news media is allowed to get to the scene of a fatal fire northeast of weeping water in rur‚Ä¶,0,this is as close as the news media is allowed to get to the scene of a fatal fire northeast of weeping water in rur‚Ä¶,0,this is as close as the news media is allowed to get to the scene of a fatal fire northeast of weeping water in rur‚Ä¶
107,107,megyn kelly grills dnc chair on sharing town hall question with clinton camp,13,1.0,0,megyn kelly grills dnc chair on sharing town hall question with clinton camp,0,megyn kelly grills dnc chair on sharing town hall question with clinton camp,0,megyn kelly grills dnc chair on sharing town hall question with clinton camp
108,108,who won the debate ?,4,1.0,0,who won the debate ?,0,who won the debate,0,who won the debate
109,109,a child in pakistan polishes shoes to earn a living pic via,12,0.9166666666666666,0,a child in pakistan polishes shoes to earn a living pic via,1,a child in pakistan polishes shoes to earn a living picture via,1,a child in pakistan polishes shoes to earn a living picture via
110,110,‚Äúplease don't interrupt the script.‚Äù ‚Äì living life according to the scriptures üôèüèΩ,12,0.9230769230769232,1,‚Äúplease do not interrupt the script.‚Äù ‚Äì living life according to the scriptures  folded hands: medium skin tone ,0,‚Äúplease do not interrupt the script‚Äù ‚Äì living life according to the scriptures üôèüèΩ,1,‚Äúplease do not interrupt the script‚Äù ‚Äì living life according to the scriptures folded hands medium skin tone
111,111,"(with subscription support plans üòâ). but yeah, that's great. would love more payg in b2c. everyone chasing that recurring revenue.",20,1.0,1,"(with subscription support plans  winking face ). but yeah, that is great. would love more payg in b2c. everyone chasing that recurring revenue.",0,with subscription support plans üòâ but yeah that is great would love more payg in b2c everyone chasing that recurring revenue,1,with subscription support plans winking face but yeah that is great would love more payg in b2c everyone chasing that recurring revenue
112,112,about to go home and make something in my new crock pot because i'm a fucking adult.,18,1.0,0,about to go home and make something in my new crock pot because i am a fucking adult.,0,about to go home and make something in my new crock pot because i am a fucking adult,0,about to go home and make something in my new crock pot because i am a fucking adult
113,113,total bs article my 400 meter times always slower after cigars many cancers associated w/ cigars,16,0.9375,0,total bs article my 400 meter times always slower after cigars many cancers associated w/ cigars,1,total bulls**t article my 400 meter times always slower after cigars many cancers associated w cigars,1,total bulls**t article my 400 meter times always slower after cigars many cancers associated w cigars
114,114,approved repub. nominees for scotus.,5,1.0,0,approved repub. nominees for scotus.,0,approved repub nominees for scotus,0,approved repub nominees for scotus
115,115,i'm no longer replying lol,6,1.0,0,i am no longer replying lol,1,i am no longer replying laughing out loud,1,i am no longer replying laughing out loud
116,116,china along with north korea will easily dominate the area and will sink japan &amp; south korea in a minute,20,0.9,0,china along with north korea will easily dominate the area and will sink japan & south korea in a minute,0,china along with north korea will easily dominate the area and will sink japan amp south korea in a minute,0,china along with north korea will easily dominate the area and will sink japan south korea in a minute
117,117,"i hate when people think i'm playing hard to get, i'm not playing hard to get i just don't like you lol",25,0.7272727272727273,0,"i hate when people think i am playing hard to get, i am not playing hard to get i just do not like you lol",1,i hate when people think i am playing hard to get i am not playing hard to get i just do not like you laughing out loud,1,i hate when people think i am playing hard to get i am not playing hard to get i just do not like you laughing out loud
118,118,why christian leader jerry falwell jr is standing by trump. in his own words:,14,1.0,0,why christian leader jerry falwell jr is standing by trump. in his own words:,0,why christian leader jerry falwell jr is standing by trump in his own words,0,why christian leader jerry falwell jr is standing by trump in his own words
119,119,"doesn't matter how much autonomous tech they develop, they won't own the means of manufacturing the cars",19,0.8823529411764706,0,"does not matter how much autonomous tech they develop, they will not own the means of manufacturing the cars",0,does not matter how much autonomous tech they develop they will not own the means of manufacturing the cars,0,does not matter how much autonomous tech they develop they will not own the means of manufacturing the cars
120,120,killing it on with she has solid thoughts and does her best to keep it balanced. the best fox has right now,22,0.8636363636363636,0,killing it on with she has solid thoughts and does her best to keep it balanced. the best fox has right now,0,killing it on with she has solid thoughts and does her best to keep it balanced the best fox has right now,0,killing it on with she has solid thoughts and does her best to keep it balanced the best fox has right now
121,121,hillary and donald seem to be getting along. chatting away with a cardinal dolan dmz at the al smith dinner.‚Ä¶,20,1.0,0,hillary and donald seem to be getting along. chatting away with a cardinal dolan dmz at the al smith dinner.‚Ä¶,0,hillary and donald seem to be getting along chatting away with a cardinal dolan dmz at the al smith dinner‚Ä¶,0,hillary and donald seem to be getting along chatting away with a cardinal dolan dmz at the al smith dinner‚Ä¶
122,122,its dissapointing when the promotion has been so great &amp; the core game is a step up,17,0.8823529411764706,0,its dissapointing when the promotion has been so great & the core game is a step up,0,its dissapointing when the promotion has been so great amp the core game is a step up,0,its dissapointing when the promotion has been so great the core game is a step up
123,123,fundamental difference between trump wealth &amp; clinton wealth. trump created value to get rich. hillary sold access and favors to make $!,21,0.8636363636363636,0,fundamental difference between trump wealth & clinton wealth. trump created value to get rich. hillary sold access and favors to make $!,0,fundamental difference between trump wealth amp clinton wealth trump created value to get rich hillary sold access and favors to make,0,fundamental difference between trump wealth clinton wealth trump created value to get rich hillary sold access and favors to make
124,124,"so my flight was cancelled, and because booked me on ana for my connection i'm stranded in tokyo without hotel.",21,0.95,0,"so my flight was cancelled, and because booked me on ana for my connection i am stranded in tokyo without hotel.",0,so my flight was cancelled and because booked me on ana for my connection i am stranded in tokyo without hotel,0,so my flight was cancelled and because booked me on ana for my connection i am stranded in tokyo without hotel
125,125,shoutouts to and and you guys are the current generation. keep playing and keep winning,15,0.8,0,shoutouts to and and you guys are the current generation. keep playing and keep winning,0,shoutouts to and and you guys are the current generation keep playing and keep winning,0,shoutouts to and and you guys are the current generation keep playing and keep winning
126,126,there's a medium of picking and choosing the things that are most entertaining for your characters,17,1.0,0,there is a medium of picking and choosing the things that are most entertaining for your characters,0,there is a medium of picking and choosing the things that are most entertaining for your characters,0,there is a medium of picking and choosing the things that are most entertaining for your characters
127,127,who's been to clyde fraziers?,6,1.0,0,who is been to clyde fraziers?,0,who is been to clyde fraziers,0,who is been to clyde fraziers
128,128,a tortured life.,3,1.0,0,a tortured life.,0,a tortured life,0,a tortured life
129,129,improvisation 27 (garden of love ii) by wassily wassilyevich kandinsky (1812),11,1.0,0,improvisation 27 (garden of love ii) by wassily wassilyevich kandinsky (1812),0,improvisation 27 garden of love ii by wassily wassilyevich kandinsky 1812,0,improvisation 27 garden of love ii by wassily wassilyevich kandinsky 1812
130,130,no you said i am a muslim without knowing it so you might think hillary is a muslim too right,20,0.8,0,no you said i am a muslim without knowing it so you might think hillary is a muslim too right,0,no you said i am a muslim without knowing it so you might think hillary is a muslim too right,0,no you said i am a muslim without knowing it so you might think hillary is a muslim too right
131,131,"prophet muhammad freed the slaves, gave women their rights, condemned racism, and forgave ppl who harmed him and other muslims",20,0.95,0,"prophet muhammad freed the slaves, gave women their rights, condemned racism, and forgave ppl who harmed him and other muslims",1,prophet muhammad freed the slaves gave women their rights condemned racism and forgave people who harmed him and other muslims,1,prophet muhammad freed the slaves gave women their rights condemned racism and forgave people who harmed him and other muslims
132,132,he was safe and you know it,7,1.0,0,he was safe and you know it,0,he was safe and you know it,0,he was safe and you know it
133,133,"quit showing off, vereen. -ma",5,1.0,0,"quit showing off, vereen. -ma",0,quit showing off vereen ma,0,quit showing off vereen ma
134,134,"let's help all... except the unborn, the elderly, those who disagree with me., etc.",15,0.9285714285714286,0,"let is help all... except the unborn, the elderly, those who disagree with me., etc.",0,let is help all except the unborn the elderly those who disagree with me etc,0,let is help all except the unborn the elderly those who disagree with me etc
135,135,i have been on twitter for 2 years now and i thank all of my friends and followers who have stayed with me :),23,0.875,0,i have been on twitter for 2 years now and i thank all of my friends and followers who have stayed with me :),0,i have been on twitter for 2 years now and i thank all of my friends and followers who have stayed with me,0,i have been on twitter for 2 years now and i thank all of my friends and followers who have stayed with me
136,136,"so, can i send you my measurements? (i don't wear lbds.) üòâ",12,0.9166666666666666,1,"so, can i send you my measurements? (i do not wear lbds.)  winking face ",0,so can i send you my measurements i do not wear lbds üòâ,1,so can i send you my measurements i do not wear lbds winking face
137,137,"there is no us election. there is power consolidation. rigged primary, rigged media and rigged 'pied piper' candidate drive consolidaiton.",20,0.8,0,"there is no us election. there is power consolidation. rigged primary, rigged media and rigged 'pied piper' candidate drive consolidaiton.",0,there is no us election there is power consolidation rigged primary rigged media and rigged pied piper candidate drive consolidaiton,0,there is no us election there is power consolidation rigged primary rigged media and rigged pied piper candidate drive consolidaiton
138,138,watch hillary clinton's full remarks at the al smith charity dinner,12,1.0,0,watch hillary clinton is full remarks at the al smith charity dinner,0,watch hillary clinton is full remarks at the al smith charity dinner,0,watch hillary clinton is full remarks at the al smith charity dinner
139,139,tonight in san francisco at harlot san francisco with my perfect driver music crew,14,0.8571428571428571,0,tonight in san francisco at harlot san francisco with my perfect driver music crew,0,tonight in san francisco at harlot san francisco with my perfect driver music crew,0,tonight in san francisco at harlot san francisco with my perfect driver music crew
140,140,writing a check for your seed round immediately,8,1.0,0,writing a check for your seed round immediately,0,writing a check for your seed round immediately,0,writing a check for your seed round immediately
141,141,i would have fucked him the fuck up if he ever laid a finger on me or any girl period. his friends are fucked up fo‚Ä¶,26,0.8846153846153846,0,i would have fucked him the fuck up if he ever laid a finger on me or any girl period. his friends are fucked up fo‚Ä¶,0,i would have fucked him the fuck up if he ever laid a finger on me or any girl period his friends are fucked up fo‚Ä¶,0,i would have fucked him the fuck up if he ever laid a finger on me or any girl period his friends are fucked up fo‚Ä¶
142,142,lets play zesty,3,1.0,0,lets play zesty,0,lets play zesty,0,lets play zesty
143,143,jake taylor should have been hitting 9th in that lineup. not 2nd.,12,1.0,0,jake taylor should have been hitting 9th in that lineup. not 2nd.,0,jake taylor should have been hitting 9th in that lineup not 2nd,0,jake taylor should have been hitting 9th in that lineup not 2nd
144,144,i want more specs before i think of purchasing it. what do u think? ‚Ä¶,14,0.8666666666666667,0,i want more specs before i think of purchasing it. what do u think? ‚Ä¶,1,i want more specs before i think of purchasing it what do you think ‚Ä¶,1,i want more specs before i think of purchasing it what do you think ‚Ä¶
145,145,it's a damn shame re-reading some shitü§£,9,1.0,1,it is a damn shame re-reading some shit rolling on the floor laughing ,0,it is a damn shame rereading some shitü§£,1,it is a damn shame rereading some shit rolling on the floor laughing
146,146,"congratulations to our new national security advisor, general h.r. mcmaster. video:",12,1.0,0,"congratulations to our new national security advisor, general h.r. mcmaster. video:",1,congratulations to our new national security advisor general hour mcmaster video,1,congratulations to our new national security advisor general hour mcmaster video
147,147,watch: dwayne johnson calls cm punk live in ring after 'monday night raw',13,1.0,0,watch: dwayne johnson calls cm punk live in ring after  amonday night raw',1,watch dwayne johnson calls call me punk live in ring after amonday night raw,1,watch dwayne johnson calls call me punk live in ring after amonday night raw
148,148,"why are and i still up? it's late, for god's sake.",13,1.0,0,"why are and i still up? it is late, for god is sake.",0,why are and i still up it is late for god is sake,0,why are and i still up it is late for god is sake
149,149,".'s game plan this week: get ready, retail could be a blood bath",13,1.0,0,". is game plan this week: get ready, retail could be a blood bath",0,is game plan this week get ready retail could be a blood bath,0,is game plan this week get ready retail could be a blood bath
150,150,where historic forbes field meets downtown pittsburgh.,7,1.0,0,where historic forbes field meets downtown pittsburgh.,0,where historic forbes field meets downtown pittsburgh,0,where historic forbes field meets downtown pittsburgh
151,151,your performance in was a stunning piece of apologist theater. equating antisemitism to balls and strikes...,16,1.0,0,your performance in was a stunning piece of apologist theater. equating antisemitism to balls and strikes...,0,your performance in was a stunning piece of apologist theater equating antisemitism to balls and strikes,0,your performance in was a stunning piece of apologist theater equating antisemitism to balls and strikes
152,152,comrades of color: east germany in the cold war world,10,1.0,0,comrades of color: east germany in the cold war world,0,comrades of color east germany in the cold war world,0,comrades of color east germany in the cold war world
153,153,jw president was on this morning discussing trump's weekend trips costing taxpayers millions,14,1.0,0,jw president was on this morning discussing trump is weekend trips costing taxpayers millions,1,just wondering president was on this morning discussing trump is weekend trips costing taxpayers millions,1,just wondering president was on this morning discussing trump is weekend trips costing taxpayers millions
154,154,"come hike the ; discover "" in the tallgrass"" via",8,0.8888888888888888,0,"come hike the ; discover "" in the tallgrass"" via",0,come hike the discover in the tallgrass via,0,come hike the discover in the tallgrass via
155,155,nyc'ers - what is your favorite nice lunch spot very near 18th/6th ave?,14,1.0,0,nyc'ers - what is your favorite nice lunch spot very near 18th/6th ave?,0,nycers what is your favorite nice lunch spot very near 18th6th ave,0,nycers what is your favorite nice lunch spot very near 18th6th ave
156,156,if you see anyone on the same tour they're 99% gonna perform the same setlist..,16,0.8666666666666667,0,if you see anyone on the same tour they are 99% gonna perform the same setlist..,1,if you see anyone on the same tour they are 99 going to perform the same setlist,1,if you see anyone on the same tour they are 99 going to perform the same setlist
157,157,"this globalization impact is the engine of conservatism's descent into fascism: mapping nationhood to culture, cree‚Ä¶",17,1.0,0,"this globalization impact is the engine of conservatism is descent into fascism: mapping nationhood to culture, cree‚Ä¶",0,this globalization impact is the engine of conservatism is descent into fascism mapping nationhood to culture cree‚Ä¶,0,this globalization impact is the engine of conservatism is descent into fascism mapping nationhood to culture cree‚Ä¶
158,158,why is shabbaz in this. nyk give crumbs for a young bench scorer. not enough back.,16,1.0,0,why is shabbaz in this. nyk give crumbs for a young bench scorer. not enough back.,0,why is shabbaz in this nyk give crumbs for a young bench scorer not enough back,0,why is shabbaz in this nyk give crumbs for a young bench scorer not enough back
159,159,we ain't playin..gonna work hard today. slimetime fornadine,10,1.0,0,we ai not playin..gonna work hard today. slimetime fornadine,1,we Artificial Intelligence not playingonna work hard today slimetime fornadine,1,we Artificial Intelligence not playingonna work hard today slimetime fornadine
160,160,i don't really agree but i support your excitement &amp; launching!,12,0.9090909090909092,0,i do not really agree but i support your excitement & launching!,0,i do not really agree but i support your excitement amp launching,0,i do not really agree but i support your excitement launching
161,161,you have proven how real of a friend you are,10,0.9,0,you have proven how real of a friend you are,0,you have proven how real of a friend you are,0,you have proven how real of a friend you are
162,162,an avocado cost 5 bucks at giant food.,8,1.0,0,an avocado cost 5 bucks at giant food.,0,an avocado cost 5 bucks at giant food,0,an avocado cost 5 bucks at giant food
163,163,"bull captured after wild chase through jamaica, queens",8,1.0,0,"bull captured after wild chase through jamaica, queens",0,bull captured after wild chase through jamaica queens,0,bull captured after wild chase through jamaica queens
164,164,eric church sam hunt jake owen lee brice and jason aldean im fucking ready for route 91 holy shit üëåüèªüëåüèª,19,1.0,1,eric church sam hunt jake owen lee brice and jason aldean im fucking ready for route 91 holy shit  OK hand: light skin tone  OK hand: light skin tone ,1,eric church sam hunt jake owen lee brice and jason aldean Instant Message fucking ready for route 91 holy shit üëåüèªüëåüèª,2,eric church sam hunt jake owen lee brice and jason aldean Instant Message fucking ready for route 91 holy shit OK hand light skin tone OK hand light skin tone
165,165,"a fair point. but with cambridge analytica and the like, these days just about anyone with money can get unparalleled (in history)info",23,0.9545454545454546,0,"a fair point. but with cambridge analytica and the like, these days just about anyone with money can get unparalleled (in history)info",0,a fair point but with cambridge analytica and the like these days just about anyone with money can get unparalleled in historyinfo,0,a fair point but with cambridge analytica and the like these days just about anyone with money can get unparalleled in historyinfo
166,166,a4 of course this guy was really colorful:),8,1.0,0,a4 of course this guy was really colorful:),0,a4 of course this guy was really colorful,0,a4 of course this guy was really colorful
167,167,"all joking aside, i hope he can turn them around. i would love to see a cavs/lakers finals someday.",20,0.9473684210526316,0,"all joking aside, i hope he can turn them around. i would love to see a cavs/lakers finals someday.",0,all joking aside i hope he can turn them around i would love to see a cavslakers finals someday,0,all joking aside i hope he can turn them around i would love to see a cavslakers finals someday
168,168,spicer says priority is to deport people in u.s. illegally who have committed crimes.,15,1.0,0,spicer says priority is to deport people in u.s. illegally who have committed crimes.,0,spicer says priority is to deport people in us illegally who have committed crimes,0,spicer says priority is to deport people in us illegally who have committed crimes
169,169,you can take the boy out of cambridge...,8,1.0,0,you can take the boy out of cambridge...,0,you can take the boy out of cambridge,0,you can take the boy out of cambridge
170,170,"i‚Äôm not certain, but i think an intl wire transfer involves a voodoo spell that requires 3 confirmations to process and a carrier pigeon.",25,0.9166666666666666,0,"i‚Äôm not certain, but i think an intl wire transfer involves a voodoo spell that requires 3 confirmations to process and a carrier pigeon.",0,i‚Äôm not certain but i think an intl wire transfer involves a voodoo spell that requires 3 confirmations to process and a carrier pigeon,0,i‚Äôm not certain but i think an intl wire transfer involves a voodoo spell that requires 3 confirmations to process and a carrier pigeon
171,171,update: it ended the way we thought it would.,9,0.8888888888888888,0,update: it ended the way we thought it would.,0,update it ended the way we thought it would,0,update it ended the way we thought it would
172,172,"literally just happened to me, failed tf out of my exam just now :)",13,0.9285714285714286,0,"literally just happened to me, failed tf out of my exam just now :)",1,literally just happened to me failed The f**k out of my exam just now,1,literally just happened to me failed The f**k out of my exam just now
173,173,yes. national health insurance would make it so much easier to start a small biz. that would help revitalize the mi‚Ä¶,21,0.9523809523809524,0,yes. national health insurance would make it so much easier to start a small biz. that would help revitalize the mi‚Ä¶,1,yes national health insurance would make it so much easier to start a small Business that would help revitalize the mi‚Ä¶,1,yes national health insurance would make it so much easier to start a small Business that would help revitalize the mi‚Ä¶
174,174,i didn't vote on a false premise so stop trying to speak for me. you can only speak for yourself nobody else.,23,0.9090909090909092,0,i did not vote on a false premise so stop trying to speak for me. you can only speak for yourself nobody else.,0,i did not vote on a false premise so stop trying to speak for me you can only speak for yourself nobody else,0,i did not vote on a false premise so stop trying to speak for me you can only speak for yourself nobody else
175,175,"rss ""republisher"" to twitter, √† la twitterfeed? google feedburner? looks hideous, hard to config but works.",16,0.9375,0,"rss ""republisher"" to twitter, √† la twitterfeed? google feedburner? looks hideous, hard to config but works.",0,rss republisher to twitter √† la twitterfeed google feedburner looks hideous hard to config but works,0,rss republisher to twitter √† la twitterfeed google feedburner looks hideous hard to config but works
176,176,"school asks teachers to take down pro-diversity posters, saying they're ""anti-trump""",14,1.0,0,"school asks teachers to take down pro-diversity posters, saying they are ""anti-trump""",0,school asks teachers to take down prodiversity posters saying they are antitrump,0,school asks teachers to take down prodiversity posters saying they are antitrump
177,177,mitch kupchak is useless without jerry west. horrible horrible horrible gm.,11,0.8181818181818182,0,mitch kupchak is useless without jerry west. horrible horrible horrible gm.,1,mitch kupchak is useless without jerry west horrible horrible horrible good morning,1,mitch kupchak is useless without jerry west horrible horrible horrible good morning
178,178,asking the important questions tbh,5,1.0,0,asking the important questions tbh,1,asking the important questions to be honest,1,asking the important questions to be honest
179,179,you‚Äôve seen everything already,5,1.0,0,you‚Äôve seen everything already,0,you‚Äôve seen everything already,0,you‚Äôve seen everything already
180,180,"it's the responsibility of educators to provide resources to allow students to expand their knowledge, &amp; that includes about current events.",22,0.9047619047619048,0,"it is the responsibility of educators to provide resources to allow students to expand their knowledge, & that includes about current events.",0,it is the responsibility of educators to provide resources to allow students to expand their knowledge amp that includes about current events,0,it is the responsibility of educators to provide resources to allow students to expand their knowledge that includes about current events
181,181,has paid asis for this webinar?,6,1.0,0,has paid asis for this webinar?,0,has paid asis for this webinar,0,has paid asis for this webinar
182,182,landed in sydney for 1st-ever visit of an israeli pm to australia. thanks for the warm welcome. i'm far from israel‚Ä¶,23,0.9523809523809524,0,landed in sydney for 1st-ever visit of an israeli pm to australia. thanks for the warm welcome. i am far from israel‚Ä¶,0,landed in sydney for 1stever visit of an israeli pm to australia thanks for the warm welcome i am far from israel‚Ä¶,0,landed in sydney for 1stever visit of an israeli pm to australia thanks for the warm welcome i am far from israel‚Ä¶
183,183,"well me being a christian i am torn between this , i believe in trump , we are 20 trillion in debt. jw",21,0.8571428571428571,0,"well me being a christian i am torn between this , i believe in trump , we are 20 trillion in debt. jw",1,well me being a christian i am torn between this i believe in trump we are 20 trillion in debt just wondering,1,well me being a christian i am torn between this i believe in trump we are 20 trillion in debt just wondering
184,184,"hi. i am trying to read 100+ books this year, and i need your absolute top-tier recs around 200 pages.",21,0.95,0,"hi. i am trying to read 100+ books this year, and i need your absolute top-tier recs around 200 pages.",0,hi i am trying to read 100 books this year and i need your absolute toptier recs around 200 pages,0,hi i am trying to read 100 books this year and i need your absolute toptier recs around 200 pages
185,185,girl i'm throwing a massive rooftop party in honor of national moscow mule day ... friday march 3 .. come !,19,1.0,0,girl i am throwing a massive rooftop party in honor of national moscow mule day ... friday march 3 .. come !,0,girl i am throwing a massive rooftop party in honor of national moscow mule day friday march 3 come,0,girl i am throwing a massive rooftop party in honor of national moscow mule day friday march 3 come
186,186,flags doesn‚Äôt imply bitfield to me. why does that imply bitfield to you?,14,0.7692307692307693,0,flags doesn‚Äôt imply bitfield to me. why does that imply bitfield to you?,0,flags doesn‚Äôt imply bitfield to me why does that imply bitfield to you,0,flags doesn‚Äôt imply bitfield to me why does that imply bitfield to you
187,187,well they're all the same so..,7,1.0,0,well they are all the same so..,0,well they are all the same so,0,well they are all the same so
188,188,trying to small talk w the squad like,8,1.0,0,trying to small talk w the squad like,0,trying to small talk w the squad like,0,trying to small talk w the squad like
189,189,"do it! see hamilton, donate to . it's a win-win-win situation!",13,1.0,0,"do it! see hamilton, donate to . it is a win-win-win situation!",0,do it see hamilton donate to it is a winwinwin situation,0,do it see hamilton donate to it is a winwinwin situation
190,190,he's a killer blocker. perfect backup te and short yardage lead blocker,13,0.9166666666666666,0,he is a killer blocker. perfect backup te and short yardage lead blocker,1,he is a killer blocker perfect backup Team effort and short yardage lead blocker,1,he is a killer blocker perfect backup Team effort and short yardage lead blocker
191,191,"warrentonka is a ""do as i say, and not as i do"" persona, with her little tomahawk and coup stick.",20,0.85,0,"warrentonka is a ""do as i say, and not as i do"" persona, with her little tomahawk and coup stick.",0,warrentonka is a do as i say and not as i do persona with her little tomahawk and coup stick,0,warrentonka is a do as i say and not as i do persona with her little tomahawk and coup stick
192,192,cop mizan...site of a terrible green on blue attack shortly before my sqn got to zabul. we never did find the guys‚Ä¶,23,1.0,0,cop mizan...site of a terrible green on blue attack shortly before my sqn got to zabul. we never did find the guys‚Ä¶,0,cop mizansite of a terrible green on blue attack shortly before my sqn got to zabul we never did find the guys‚Ä¶,0,cop mizansite of a terrible green on blue attack shortly before my sqn got to zabul we never did find the guys‚Ä¶
193,193,"this tweet will be plagiarized, i just feel it",9,1.0,0,"this tweet will be plagiarized, i just feel it",0,this tweet will be plagiarized i just feel it,0,this tweet will be plagiarized i just feel it
194,194,he should bring mike back.,5,1.0,0,he should bring mike back.,0,he should bring mike back,0,he should bring mike back
195,195,i'm saying though... haha. we hitting our mid 20's. who has time for games anymore!? lol,18,1.0,0,i am saying though... haha. we hitting our mid 20 is. who has time for games anymore!? lol,1,i am saying though haha we hitting our mid 20 is who has time for games anymore laughing out loud,1,i am saying though haha we hitting our mid 20 is who has time for games anymore laughing out loud
196,196,rt if you would like to see me with my own show?!? let's make it happen,17,1.0,0,rt if you would like to see me with my own show?!? let is make it happen,0,rt if you would like to see me with my own show let is make it happen,0,rt if you would like to see me with my own show let is make it happen
197,197,"sooo, i've been thinking about this and i want in into",12,1.0,0,"sooo, i have been thinking about this and i want in into",0,sooo i have been thinking about this and i want in into,0,sooo i have been thinking about this and i want in into
198,198,happening a lot today. gop congresspeople figuring out we hate their robber-baron collusion and mean-spirited ideas.,18,1.0,0,happening a lot today. gop congresspeople figuring out we hate their robber-baron collusion and mean-spirited ideas.,0,happening a lot today gop congresspeople figuring out we hate their robberbaron collusion and meanspirited ideas,0,happening a lot today gop congresspeople figuring out we hate their robberbaron collusion and meanspirited ideas
199,199,i have been harassed and retaliated against simply for having a conversation with this whistleblower...,15,0.9333333333333332,0,i have been harassed and retaliated against simply for having a conversation with this whistleblower...,0,i have been harassed and retaliated against simply for having a conversation with this whistleblower,0,i have been harassed and retaliated against simply for having a conversation with this whistleblower
